Product Device,Count,Percentage
rk322x_box,1186400,26.76%
Hi3751V350,499469,11.27%
r34az,350188,7.90%
TVBOX,335342,7.56%
SmartTV,328094,7.40%
SmartTV235X,146976,3.32%
eros-p1,140018,3.16%
mt5867,128111,2.89%
p281,113725,2.57%
rk3326_industry,105925,2.39%
(empty),75189,1.70%
rk3326_sgo,68022,1.53%
X96Q,65188,1.47%
SmartTV256X,64911,1.46%
AndroidTV,57255,1.29%
rk312x,57026,1.29%
TB009KA,54176,1.22%
petrel-p1,50490,1.14%
oppen,39443,0.89%
blueline,34759,0.78%
rk3566_sgo,27878,0.63%
rk3528_box,21388,0.48%
PUBLIC_MSTAR_358_W,19914,0.45%
TVR3,19657,0.44%
X96Q PRO,19595,0.44%
TX6698,19065,0.43%
dolphin-fvd-p1,18591,0.42%
RealtekATV,18497,0.42%
D95G,18392,0.41%
SMARTPHONE,16813,0.38%
Q96,15676,0.35%
m7332,14206,0.32%
r34a5,14001,0.32%
TX60PRO,13347,0.30%
10839,10811,0.24%
Hi3751V560,9341,0.21%
BTVE,9133,0.21%
AT_SmartScreen,8697,0.20%
I96 8K,8416,0.19%
franklin,8232,0.19%
Q96MAX,8175,0.18%
cvt_mt5863_eu,7935,0.18%
p212,6880,0.16%
tx90pro,6862,0.15%
X96mini,5746,0.13%
TV98,5146,0.12%
IBEK,4681,0.11%
be30a3,4609,0.10%
soul,4101,0.09%
D9Q,4059,0.09%
ACOMBOX,3749,0.08%
X96QPRO,3413,0.08%
tx9 pro max,3328,0.08%
PeiningTV,3316,0.07%
t950s_be311,3242,0.07%
TV2026M26,3045,0.07%
Projector,3028,0.07%
ADVANCE,2985,0.07%
cupid-p1,2962,0.07%
CBOX,2952,0.07%
KingsPro,2802,0.06%
MEGA_PLUS_GOLD,2674,0.06%
pioneer5_sdp,2277,0.05%
adt3,2132,0.05%
TX100PRO5G,2102,0.05%
walleye,1886,0.04%
TX30PRO 5G,1880,0.04%
at30a7,1804,0.04%
REF-V808,1799,0.04%
Smart TV,1776,0.04%
TX9 PRO,1709,0.04%
ST6681BQH_EP2,1652,0.04%
cranberry,1649,0.04%
M626,1648,0.04%
titan-p1,1581,0.04%
Prime OTT Pro P10,1565,0.04%
TX100 PRO 5G,1518,0.03%
TV2025M25,1502,0.03%
p291_iptv,1465,0.03%
TX100 pro,1450,0.03%
NEK7,1445,0.03%
C26,1444,0.03%
G1,1411,0.03%
eros_p1,1405,0.03%
Stream Core,1398,0.03%
YC12,1389,0.03%
F-20E,1380,0.03%
SMART_TV,1360,0.03%
K5,1359,0.03%
TX2000PRO-5G,1318,0.03%
MXQPRO,1303,0.03%
KKRAO,1260,0.03%
D9R1,1207,0.03%
bennet,1172,0.03%
pioneer5_sdp_lr,1153,0.03%
ohh,1150,0.03%
Mbox1,1144,0.03%
Android_TV,1135,0.03%
TX500PRO,1120,0.03%
KEZU,1081,0.02%
PROJECTOR,1067,0.02%
p291,1051,0.02%
TX30 Pro,1045,0.02%
cv6a358_international,1043,0.02%
GUDDI,1035,0.02%
V88,1007,0.02%
Super Prime SP10,994,0.02%
V96Q,993,0.02%
TX100PRO,983,0.02%
M8S_PLUS_DVB_MEGA_PLUS_GOLD,978,0.02%
S16_PLUS_GOLD,971,0.02%
Mecool,929,0.02%
RedPlay,926,0.02%
TX50 pro,916,0.02%
TX20PRO,893,0.02%
K7_MagicPlus,891,0.02%
DREAMSTAR,842,0.02%
X25,819,0.02%
ampere,807,0.02%
Tamam OTT,791,0.02%
MAX OTT PRO,765,0.02%
TX10PRO,761,0.02%
cvt_mt5863_us,733,0.02%
QH12a,716,0.02%
JD9255E_YQ356,674,0.02%
ZipSmart_Prime,672,0.02%
MagicPlus,659,0.01%
BT20,646,0.01%
TX200PRO,646,0.01%
M8S_PLUS_DVB_PALFLIX,643,0.01%
HKC,641,0.01%
apple,625,0.01%
MX9PLUS,623,0.01%
ST9255ABCP201Z08,611,0.01%
TV2025M26,579,0.01%
TX3 Pro,557,0.01%
X88plus,551,0.01%
TX1000PRO-5G,550,0.01%
C58E,539,0.01%
mt5862,532,0.01%
D9Q5G,522,0.01%
MAXIMUS,512,0.01%
LS4379FHD-SMART,501,0.01%
GK6323V100C,501,0.01%
x30a4,491,0.01%
TX20 pro,475,0.01%
TX40 pro,469,0.01%
ST9632AAT_EP1,465,0.01%
Hyper,442,0.01%
ohm,434,0.01%
ST9255ABCP101Z08,429,0.01%
TX30PRO-5G,426,0.01%
oneday,426,0.01%
HEMCO,408,0.01%
I96KING,407,0.01%
I968KPLUS,397,0.01%
KM7SE,396,0.01%
M8S_PLUS_S2,366,0.01%
M8S_PLUS_T2,361,0.01%
cvt_mt5886_eu_1g,357,0.01%
D9 Max 5G-A1,346,0.01%
OCBN,340,0.01%
TX3 Mini-A3,339,0.01%
M8S_PLUS_DVB_MMC_B19,334,0.01%
Binge,332,0.01%
VIZONY_Q8,323,0.01%
S12_PLUS_GOLD,320,0.01%
K7_Cruzetv_Hybrid_3_tuner,319,0.01%
MDTV,312,0.01%
emodern,310,0.01%
K7,297,0.01%
Vala_Plus_4,277,0.01%
Impala,274,0.01%
G1PRO,271,0.01%
mt5862_512m,271,0.01%
M8S_PLUS_DVB_TEH_500_PLUS,271,0.01%
Android TV,263,0.01%
AHD9000,251,0.01%
MICOM,248,0.01%
YZ3,246,0.01%
G96mini,245,0.01%
ASG,244,0.01%
E05i33,242,0.01%
YC16,228,0.01%
cvt_mt5886_sa,219,0.00%
TLE-43FSBM,212,0.00%
UMST Q1,210,0.00%
GplusTV,206,0.00%
810,204,0.00%
newton,204,0.00%
325_VIVAX_,202,0.00%
B860HV5_Telkom,197,0.00%
TX9,192,0.00%
FASTAR,186,0.00%
KM9_SHOWBOX,185,0.00%
projector,179,0.00%
TX9PRO,175,0.00%
P3,174,0.00%
TLE-32SBM,174,0.00%
Megasat_Smart_TV,166,0.00%
Q8,165,0.00%
HG680,158,0.00%
rk3128_box,156,0.00%
TX80PRO,153,0.00%
rk3326_go,152,0.00%
MXQPLUS,150,0.00%
MX10,147,0.00%
TV008,137,0.00%
SBOX1,134,0.00%
pineappleCMCC,133,0.00%
cvt_mt5863_col,125,0.00%
telefunken-rtk2851,123,0.00%
cvt_mt5886_eu,118,0.00%
K3,116,0.00%
b0q,113,0.00%
TVR3-s,112,0.00%
PROJECTOR-HSX1,111,0.00%
V96mini,109,0.00%
V96Q PRO,105,0.00%
rockchip001,102,0.00%
cv6a538_international,102,0.00%
tx9-pro-max,102,0.00%
TX60 PRO,101,0.00%
QX1,100,0.00%
E08i33,99,0.00%
syinix_8g,98,0.00%
V96Q SE,97,0.00%
m201,96,0.00%
SKD07310520,96,0.00%
TV_SMART_50_SK,94,0.00%
X2,93,0.00%
t9plus_BOSSProjector_CA_en,93,0.00%
D08241920,91,0.00%
Gleetech 18,88,0.00%
sailfish,87,0.00%
FO-R12,86,0.00%
SKD08180120,85,0.00%
M8S_PLUS_DVB_DS4000,84,0.00%
beyond1,81,0.00%
TF-LED32S20T2S,81,0.00%
q201,79,0.00%
RT2851P839_T550QVN073,79,0.00%
TX6898,78,0.00%
raven,78,0.00%
ATVBOX,76,0.00%
rockchip014,75,0.00%
PROJECTOR-D1,75,0.00%
beyond2,75,0.00%
EC6110M,74,0.00%
Multiverse LX1,74,0.00%
D02050921,74,0.00%
rk3399_mid,73,0.00%
galilei,71,0.00%
Rombica,71,0.00%
dolpin_fvd_p1,70,0.00%
ap202,69,0.00%
S1,69,0.00%
Y02,68,0.00%
W2,68,0.00%
BW-V2,67,0.00%
android_tv_box,65,0.00%
209_2831P738_1G_8G_SQY_D12280518_V400HJ6-PE1_C3_CostaRica_RCA,65,0.00%
K6,65,0.00%
vinga_8g,64,0.00%
marlin,64,0.00%
ap201,63,0.00%
Reflexion_SmartTV,63,0.00%
Myairtv,63,0.00%
HD890_4K,62,0.00%
H501,61,0.00%
BEECUBE XTREME,61,0.00%
rk3528_box_32,61,0.00%
228_2831P638_PANDA_SD,61,0.00%
t9plus_Merlin_en,61,0.00%
2851P739_V430DJ1Q01,60,0.00%
D01200122,60,0.00%
LUMOS RAY GEN2,59,0.00%
282_2841P638_HuiDi_L19071214_Israel_HD,59,0.00%
43FHD,59,0.00%
SKD07312420,58,0.00%
daewoo_8g,58,0.00%
HiKING-HQ5,57,0.00%
marconi,55,0.00%
SKD09100420,55,0.00%
ah212,55,0.00%
rk3518_box_32,54,0.00%
D02090521,54,0.00%
rk3328_box,53,0.00%
215_2861V09_1G_8G_SQY_SKD111303-18_HV550QUB-N5A_Croatia,53,0.00%
MXQ-JOY-69,53,0.00%
provision_hw3,52,0.00%
Royal Platinum,52,0.00%
TV_SMART_55_SK,51,0.00%
ALCAD,51,0.00%
rk3576_box,51,0.00%
D08242020,51,0.00%
M29255,49,0.00%
ST9255ABCP251Z04,49,0.00%
263_2841P531_HuiDi_L19030517_SD,49,0.00%
TOX1,48,0.00%
rk356x_box,48,0.00%
YX8,48,0.00%
p3s,48,0.00%
232_SQY_2861V09_1.5G_8G_SQY_SKD12030818_Croatia,48,0.00%
SKD08260620,47,0.00%
t950s_be30ak,46,0.00%
HIPER,46,0.00%
HiKING-HQ7,46,0.00%
RT2842P639-LQ315T3HC64,46,0.00%
D02090621,45,0.00%
Smart,44,0.00%
D07230120,44,0.00%
t9plus_wwt_en,44,0.00%
OP516FL1,43,0.00%
Sample,42,0.00%
304_2861V09_8G_SQY_SKD08200419_ST5461D07-1_VIVAX_Croatia,42,0.00%
mt9633,41,0.00%
TOX3,41,0.00%
329_Vietnam_Darling_SD,41,0.00%
Smart Projector,41,0.00%
240_2831P638_1G_8G_SQY_D08070519_T390XVN020_ISDB_CostaRica_RCA,41,0.00%
S905l3a,40,0.00%
AndroidTv,40,0.00%
NL5H00X,39,0.00%
bl14plus_md_portronics_en,39,0.00%
t9plus_INNOVATIVE_en,39,0.00%
MXQM:I,39,0.00%
rockchip005,38,0.00%
OnePlus5,38,0.00%
RT2851P839,37,0.00%
rk3288,37,0.00%
wst_8g,37,0.00%
SKD08241120,36,0.00%
RT2851P739-HV430QUB-N1K,36,0.00%
SMPLAY,36,0.00%
D07160221,36,0.00%
tv,35,0.00%
athena-p7,35,0.00%
OT-DVB31,35,0.00%
Pulse,35,0.00%
cmcc_jiangsu,35,0.00%
AK28,34,0.00%
278_2841P638_HuiDi_L19050888_Russia_SD,34,0.00%
EZR3,34,0.00%
AK61,34,0.00%
u211,34,0.00%
SKD07310420,34,0.00%
24R470TS,34,0.00%
T550QVN103,33,0.00%
RT2851P839-HV550QUB-S1E,33,0.00%
SKD09040820,33,0.00%
9088,32,0.00%
ah224,32,0.00%
VOLTO,32,0.00%
SKD08261020,32,0.00%
r34ay,31,0.00%
D06100222,31,0.00%
f8plus_unic_en,31,0.00%
D02020921,31,0.00%
PRIME_4K,31,0.00%
rockchip002,30,0.00%
43‚Äù SMART LED TV,30,0.00%
rockchip006,30,0.00%
D08050520,30,0.00%
D02020621,30,0.00%
Q3569255,30,0.00%
215_2861V09_1G_8G_SQY_SKD111303-18_HV550QUB-H11_Croatia,30,0.00%
D09300820,29,0.00%
D02090821,29,0.00%
D02091121,29,0.00%
Gelhard_SmartTV,29,0.00%
277_2841P638_HuiDi_L19050877_Russia_SD,29,0.00%
234_2831P588_1G_4G_Homecare_ISDB_SD,29,0.00%
D02091521,29,0.00%
HDK8,29,0.00%
TX365Pro,28,0.00%
251_2831P638_JPE_201910010TWBZ,28,0.00%
Camping_first_Smart_TV,28,0.00%
HARPER,28,0.00%
D02021221,28,0.00%
SKD02100822,28,0.00%
JR645R3HA3L,27,0.00%
SKD07240220,27,0.00%
D11300521,27,0.00%
SKD07240320,27,0.00%
Amlogic_RC,27,0.00%
Annkelplus,27,0.00%
222_2831P565_1G_8G_Sky_Vietnam_V320BJ8-Q01_DVBT2_SD,26,0.00%
12256,26,0.00%
X3,26,0.00%
pioneer5_smc_cn_lr,26,0.00%
ST9255ABCP151Z04,26,0.00%
43F660TS,26,0.00%
EZH5Pro,25,0.00%
D9,25,0.00%
257_2831P738_HuiDi_L19030323_HD,25,0.00%
Multiverse_LX7,25,0.00%
jialiang,25,0.00%
SKD07312020,25,0.00%
10651,24,0.00%
Kiano_Slim_TV_32_Smart_Frameless,24,0.00%
H2_Pro,24,0.00%
O500,24,0.00%
rk3566_r,24,0.00%
SKD07310220,24,0.00%
230_2841P638_HuiDi_L18121642_Russia_HD,24,0.00%
SKD07270320,24,0.00%
t9plus_md_en,23,0.00%
D02220421,23,0.00%
289_2831P838_JPE_Arabia_HD,23,0.00%
apple_8g,23,0.00%
AVEL-TV,23,0.00%
232_2841P638_HuiDi_L18121662_Russia_HD,23,0.00%
RT2861,23,0.00%
SA044,23,0.00%
2700,22,0.00%
216_2831P588_L19030520_SD,22,0.00%
D08120722,22,0.00%
h713m-tuna_p3,22,0.00%
205_2831P560_HKC_SD,22,0.00%
faraday,22,0.00%
326_JPE_PT_UHD,22,0.00%
D08191320,22,0.00%
dolphin-p1,22,0.00%
10652,22,0.00%
CC580PV4D,22,0.00%
395_2841P638_1G_8G_SQY_D02041020_JE400D3HE2N_Croatia,22,0.00%
SKD08050720,22,0.00%
D10290220,22,0.00%
D02051121,22,0.00%
D12170820,22,0.00%
D01180521,21,0.00%
HV650QUB-F90,21,0.00%
208_2831P588_L19020249_SD,21,0.00%
DIAMOND,21,0.00%
D02051321,21,0.00%
dream2lte,21,0.00%
SKD08260720,21,0.00%
234_2841P638_HuiDi_L18121660_Russia_SD,21,0.00%
K45,20,0.00%
FA6500SC,20,0.00%
208_2831P588_1G_8G_SQY_D12280218_HV320WHB-N56_CostaRica_RCA,20,0.00%
TP_SK516S_PB802_PT320AT02_2,20,0.00%
RT2851P839-LQ315T3HC64,20,0.00%
D120916-21,20,0.00%
S905L3A,20,0.00%
242_2831P588_CJ_PR190419A31S,20,0.00%
Z8mini,20,0.00%
RT2851P839-CC575PU1L,19,0.00%
KM9,19,0.00%
BC13,19,0.00%
rk3318,19,0.00%
S905L3-3B,19,0.00%
D120915-21,19,0.00%
SKD07130920,19,0.00%
spirit,19,0.00%
SKD09250720,19,0.00%
RT2842P539-LQ315T3HC64,19,0.00%
Ba-TY163,19,0.00%
p230,18,0.00%
TX30PRO5G,18,0.00%
299_2831P838_JPE_Arabia_HD,18,0.00%
rockchip049,18,0.00%
vBox-3A01,18,0.00%
212_2861V09_1G_8G_SQY_SKD111305-18_D65RWB714-U-T2S2-S_HV650UQB-N90_VIVAX_Croatia,18,0.00%
C20,18,0.00%
209_2831P638_JPE_ISDB_HD,18,0.00%
D10160220,18,0.00%
SKD08140220,18,0.00%
SKD02100922,18,0.00%
2851V09_V500DJ7QE1C4,18,0.00%
PrimesuperHD,18,0.00%
Hi3798MV100,17,0.00%
z3q,17,0.00%
rpi3,17,0.00%
D02091021,17,0.00%
316_2831P838_JPE_Arabia_HD,17,0.00%
Q3,17,0.00%
PT550GS01-3,17,0.00%
D01152020,17,0.00%
YH8,17,0.00%
D02020221,17,0.00%
mt5862_bga_1g,17,0.00%
GreenLYCA,17,0.00%
SKD07131020,17,0.00%
SKD07310620,17,0.00%
SMART PROJECTOR,16,0.00%
363_2831P638_1G_4G_JPE_HT450BW1-01_Dubai_ATV_HD,16,0.00%
tricolor-M9256FS,16,0.00%
218_2861P839_1.5G_4G_YiMao_YM2018405_Iraq,16,0.00%
D02070321,16,0.00%
156_SQY_HV550QUB-N5A_2861V09_1.5G_8G_T2_,16,0.00%
f8plus_md_en,16,0.00%
m7642,16,0.00%
D01151920,16,0.00%
AstariteUltraPlus,16,0.00%
SKD082609/20,16,0.00%
2851V09_V500DJ6QE1C1,16,0.00%
D09020421,15,0.00%
232_2831P588_1G_8G_JPE_Uruguay_201905259TWBZ,15,0.00%
B866FV1_1,15,0.00%
rk3328,15,0.00%
D02070421,15,0.00%
210_2831P588_1G_8G_JPE_Uruguay_PT320AT01-1_enxuta_ISDB_SD_201902187TWBZ,15,0.00%
24YST5970,15,0.00%
tyson,15,0.00%
339_VIVAX_,15,0.00%
rk3566_box,15,0.00%
H313,14,0.00%
LUMI,14,0.00%
332_JPE_PT_UHD,14,0.00%
SmartTV350,14,0.00%
280_2841P638_HuiDi_L19061100_Russia_HD,14,0.00%
MYAIRTV,14,0.00%
EXBOM PJ-S300,14,0.00%
HV550QUB-F70,14,0.00%
296_2841P638_JPE_Italy_SD,14,0.00%
f8plus_innovative_en,14,0.00%
ross,14,0.00%
R90,14,0.00%
20A01W8,14,0.00%
x86_64,14,0.00%
petrel-h603,14,0.00%
VONTRA,14,0.00%
rk3399_Android10,13,0.00%
329_2831P588_1G_4G_JPE_T320XVN02.G_Vietnam_Darling_DVBT2_SD,13,0.00%
423_2841E01_1G_8G_Cello,13,0.00%
D06290422,13,0.00%
SKD02051021,13,0.00%
406_2841P638_1G_8G_SQY_D02120920_JE400D3HE0N_Croatia,13,0.00%
Hi3798MV310,13,0.00%
KM9_Nitro_X3,13,0.00%
D07100820,13,0.00%
MiTV-AFKR0,13,0.00%
D07310820,12,0.00%
SKD08050820,12,0.00%
D11030620,12,0.00%
SKD07130820,12,0.00%
235_2861P838_JPE_Vietnam_T2,12,0.00%
freemax,12,0.00%
D01190521,12,0.00%
RT2842P638_ST3151A07,12,0.00%
239_2841P638_HuiDi_L18121641_Russia_SD,12,0.00%
D11090920,12,0.00%
Tomate,12,0.00%
SmartDevice,12,0.00%
220_2831P838_L19040676_SD,12,0.00%
sberbox,11,0.00%
LIBEPO TB20,11,0.00%
FX 610,11,0.00%
D05180721,11,0.00%
DV9135-KIM-2,11,0.00%
231_2831P588_1G_8G_JPE_Uruguay_KILAND_HV320WHB-N56_TCON_ISDB_SD_201905260TWBZ,11,0.00%
am30am,11,0.00%
challen_8g,11,0.00%
AK63,11,0.00%
dolphin_fvd_p1,11,0.00%
293_2841P638_HuiDi_Israel_HD,11,0.00%
282_2841P638_JPE_T2_HD,11,0.00%
D03050221,11,0.00%
RT2851P839-CC500PV5D,11,0.00%
3_2831P638_1G_8G_YiMao_YM2019037B_Suriname_YM-02_LC390TU1A_ATSC_SD,11,0.00%
D09300620,11,0.00%
t7_an400,11,0.00%
332_2831P638_1G_4G_JPE_Lebanon_HD,11,0.00%
RT2851V09-JR645R3HA7L,11,0.00%
D06182020,11,0.00%
219_2831P588_LC390TU1A_SD,11,0.00%
ASUS_I005DA,11,0.00%
AK60,11,0.00%
276_2841P638_HuiDi_L19050879_Russia_HD,11,0.00%
odroidc4,10,0.00%
bl14_md_en,10,0.00%
211_2831P588_L19020258_SD,10,0.00%
TX1000PRO 5G,10,0.00%
TVB-48025,10,0.00%
244_2831P588_HuiDi_L18121713_SD,10,0.00%
905X3A,10,0.00%
222_2831P588_L19040674_SD,10,0.00%
BOX-2023,10,0.00%
EZR2+,10,0.00%
provision,10,0.00%
UHD500,10,0.00%
f8plus_Autoplus_en,10,0.00%
TX9S,10,0.00%
422_2841P588_1G_8G_Cello,10,0.00%
424_2841P588_1G_8G_Cello,10,0.00%
D01180321,10,0.00%
375_2841P638_1G_4G_SQY_JE400D3HE2N_DVBT2_Poland_MANTA,10,0.00%
dbox,10,0.00%
280_2831P588_1G_4G_JPE_Lebanon,10,0.00%
D10260420,10,0.00%
bengal,10,0.00%
D02090921,10,0.00%
212_2831P588_1G_4G_JPE_Panama,10,0.00%
D09020521,10,0.00%
D09290220,10,0.00%
RT2851V09-JR645R3HA3L,10,0.00%
D05181021,10,0.00%
271_2841P638_HuiDi_L19040634_Russia_SD,10,0.00%
D02091821,10,0.00%
292_2841P638_Russia_SD,10,0.00%
288_2841P638_HuiDi_,10,0.00%
SKD07310720,10,0.00%
WS,10,0.00%
Smart_61,9,0.00%
VISTA V8,9,0.00%
herolte,9,0.00%
rk3568_r,9,0.00%
amazonfire,9,0.00%
ST4302,9,0.00%
YC1,9,0.00%
M1,9,0.00%
10654,9,0.00%
frozen,9,0.00%
D11301021,9,0.00%
416_2841P588_1G_8G_Cello,9,0.00%
312_2841P638_JPE_T2_HD,9,0.00%
Q9,9,0.00%
D02210322,9,0.00%
419_2841E01_1G_8G_Cello,9,0.00%
D06100322,9,0.00%
229_2831P738_1G_8G_HuiDi_L18101514_Russia_HD,9,0.00%
Mestic_SmartTV,9,0.00%
207_2831P588_HomeCare_ISDB_SD,9,0.00%
D11050520,9,0.00%
SKD08040320,9,0.00%
D11110320,9,0.00%
SKD12180220,9,0.00%
HV550QUB-H10,9,0.00%
D12020221,9,0.00%
SKD09250920,9,0.00%
326_2831P638_1G_4G_JPE_Mongolia_PT430CT01-1_DVBT2_HD,9,0.00%
250_2841P638_HuiDi_L19010171_Russia_SD,9,0.00%
Health_TV,8,0.00%
384_2831P638_1G_4G_JPE_ATV_HD_201906165TWBZ,8,0.00%
ah214,8,0.00%
D09290320,8,0.00%
10653,8,0.00%
12248,8,0.00%
Android_Smart_Ekran,8,0.00%
436_2841P588_1G_8G_Cello,8,0.00%
D11110220,8,0.00%
32R670TS,8,0.00%
CP1,8,0.00%
LED-PROJECT,8,0.00%
D06010521,8,0.00%
D120917/21,8,0.00%
pa3q,8,0.00%
D08031120,8,0.00%
t9plus_KATON_en,8,0.00%
D02090320,8,0.00%
SKD09100320,8,0.00%
321_2831P588_Ukraine_SD,8,0.00%
240_2841P638_HuiDi_L18121689_SD,8,0.00%
D9PRO5G,8,0.00%
OnePlus3T,8,0.00%
SKD07300921,8,0.00%
308_2841P638_Russia_SD_BAFF,8,0.00%
Konka Android TV 352-HD,8,0.00%
253_2841P838_HuiDi_L19020303_Russia_HD,8,0.00%
rk3588s_q,8,0.00%
BTV,8,0.00%
YoungFeel,8,0.00%
S905L3-3B qq86561014,8,0.00%
ST7461D017,7,0.00%
rk3399_10P,7,0.00%
p3q,7,0.00%
GLBox_HD500,7,0.00%
Jadoo7,7,0.00%
309_2831P638_JPE_Ukraine_HD,7,0.00%
H9pro,7,0.00%
D09171320,7,0.00%
341_2831P838_JPE_Arabia_HD,7,0.00%
378_2831P838_1G_4G_JPE_Arabia_LC546PU1L01_DVBT2_HD_201905177TWBZ,7,0.00%
reborn,7,0.00%
zeasn_8g,7,0.00%
rockchip038,7,0.00%
rk3566_rgo,7,0.00%
374_2841P638_1G_4G_SKD08260719_DVBT2_Poland_MANTA,7,0.00%
237_2841P638_HuiDi_L18121647_Russia_SD,7,0.00%
249_2831P588_JPE_201910009TWBZ,7,0.00%
274_2841P638_HuiDi_L19050890_Russia_HD,7,0.00%
285_2841P638_HuiDi_L19071243_Russia_HD,7,0.00%
270_2841P838_ZHCF_Moldova_HD,7,0.00%
294_2841P638_HuiDi_CC430LV1D,7,0.00%
283_2841P638_1G_4G_SQY_SKD12240418_HV320WHB-N55_Poland_MANTA,7,0.00%
311_2841P638_JPE_Moldova_HD,7,0.00%
214_2831P638_1G_8G_SQY_D04020319_V450HJ1-Q01_CostaRica_RCA,7,0.00%
M96-TVstick,7,0.00%
12250,7,0.00%
D02050621,7,0.00%
256_2841P638_HuiDi_L19030359_HD,7,0.00%
D95GA,7,0.00%
V820DK1-Q01-C1,7,0.00%
D02030921,7,0.00%
218_2861P838_JPE_Panama_T2_NTSC,7,0.00%
STV5578,7,0.00%
314_2831P638_JPE_Bahrain_HD,7,0.00%
281_2841P638_JPE_T2_HD,7,0.00%
283_2841P638_JPE_T2_HD,7,0.00%
SD500,7,0.00%
redroid_arm64,7,0.00%
19_2831P588_1G_4G_ST3151A05-9_SD_ATSC_Mexico_VIOS,7,0.00%
AndroidTV_14,7,0.00%
D10210420,7,0.00%
301_2841P638_L19091830_Russia_HD,7,0.00%
flanklin,7,0.00%
281_2841P638_HuiDi_L19061094_Russia_SD,7,0.00%
rockchip003,7,0.00%
r31a1,6,0.00%
293_2831P638_JPE__Arabia_,6,0.00%
a15x,6,0.00%
kvim3,6,0.00%
D05260121,6,0.00%
GIGABITE,6,0.00%
FREMIX,6,0.00%
D05200122,6,0.00%
AldenSmartTV,6,0.00%
ah218,6,0.00%
241_2831P588_HuiDi_L18121716_SD,6,0.00%
31_2831P638_JPE_Mexico_LC390TA2A_HD,6,0.00%
268_2841P638_JPE_T2_HD,6,0.00%
D08120822,6,0.00%
DSCS9X,6,0.00%
RT2831P531_ASANO_W19092_22DN5,6,0.00%
D01190421,6,0.00%
SG700,6,0.00%
273_2831P738_HuiDi_L19030423_SD,6,0.00%
CC500PV6D,6,0.00%
D06240420,6,0.00%
G7max,6,0.00%
Hi3751V551,6,0.00%
master_8g,6,0.00%
274_2871P838_SKD06110819_SQY_Ukraine_VESTA,6,0.00%
HX20210226,6,0.00%
H96_MAX_X4,6,0.00%
SKD02051221,6,0.00%
mantis,6,0.00%
D02070221,6,0.00%
D09301120,6,0.00%
D09170220,6,0.00%
333_2831P638_1G_4G_JPE_PT430CT01-1_Jordan_ATV_HD,6,0.00%
D01050221,6,0.00%
D02050421,6,0.00%
235_2841P638_HuiDi_L18121691_T2_HD,6,0.00%
222_2861P838_JPE_Panama_T2_NTSC,6,0.00%
SKD07270220,6,0.00%
MT9216_PB767_MT9256_V400HJ9_PE1_C4,6,0.00%
347_2831P638_1G_4G_JPE_LSC400HN03-W_Arabia_ATV_HD_201903362TWBZ,6,0.00%
337_2841P838_JPE_T2_HD,6,0.00%
MT9216_PB766_MT9256_CV320H2_F01,6,0.00%
D09300720,6,0.00%
SKD03040121,6,0.00%
Smart Monitor,6,0.00%
284_2841P638_1G_4G_SQY_SKD12240518_JE400D3HE2N_Poland_MANTA,6,0.00%
YH6,6,0.00%
k11,6,0.00%
COBY,6,0.00%
rockchip048,6,0.00%
SKD07270420,6,0.00%
G011A,6,0.00%
301_2831P588_1G_8G_SQY_D02280119_HV320WHB-N86_Colombia_EPI,6,0.00%
233_2841P638_HuiDi_L18121664_Russia_HD,6,0.00%
redroid_x86_64,6,0.00%
A133P,6,0.00%
I96-D10,6,0.00%
N5MAX,6,0.00%
15_2831P588_1G_4G_SQY_LQ315T3HC54_SD_ATSC_Mexico_VIOS,6,0.00%
Android 4K,6,0.00%
aurora-elite,6,0.00%
dym,5,0.00%
SKD08111520,5,0.00%
Hi3798CV200,5,0.00%
EGP531,5,0.00%
301_2831P638_Vietnam_HD,5,0.00%
10657,5,0.00%
AI2401,5,0.00%
D09281220,5,0.00%
327_2831P838_JPE_Arabia_HD,5,0.00%
ONRIK-007PRO,5,0.00%
D03150121,5,0.00%
248_2861V08_16G_SQY_D02140219_LSC550FN11_India_HITACHI,5,0.00%
TX2000PRO 5G,5,0.00%
g300,5,0.00%
D09230220,5,0.00%
ASUS_I001_1,5,0.00%
262_2831P638_JPE_Dubai_ATV_SD,5,0.00%
Streamgenietv,5,0.00%
X1,5,0.00%
340_2831P838_JPE_Arabia_HD,5,0.00%
G7pro,5,0.00%
t9plus_Digital_en,5,0.00%
308_2831P638_JPE_Ukraine_HD,5,0.00%
D02210320,5,0.00%
321_2841P638_ZHCF_CF181208_Moldova_SD,5,0.00%
12249,5,0.00%
D113009-21,5,0.00%
SKD07131120,5,0.00%
D02210420,5,0.00%
Hi3798MV300,5,0.00%
SQY_ISDB_FHD_RCA,5,0.00%
D11091120,5,0.00%
222_2831P838_1G_4G_JPE_Peru_ROYAL_V500DJ6-QE1_ISDB_HD_201904292TWBZ,5,0.00%
LE40DE85SH,5,0.00%
238_2841P638_HuiDi_L18121648_Russia_SD,5,0.00%
D09230420,5,0.00%
26_2831P588_1G_4G_D11250219_PT320AT01-1_ATSC_Mexico_KVISION,5,0.00%
D06150920,5,0.00%
D11091020,5,0.00%
D09170420,5,0.00%
322_2841P638_ZHCF_CF181208_Moldova_HD,5,0.00%
335_2841P838_1G_8G_JPE_LSC490HN05-W_Angola_DVBT2S2_HD,5,0.00%
D10290620,5,0.00%
D02240721,5,0.00%
225_2831P638_1G_8G_JPE_CostaRica_RCA_PT430CT01-1_ISDB_HD_201901292TWBZ,5,0.00%
D05180621,5,0.00%
SKYLINE,5,0.00%
vili,5,0.00%
D05180921,5,0.00%
TOX4,5,0.00%
RT2842P531-LQ315T3HC64,5,0.00%
D05200221,5,0.00%
Life Series H8,4,0.00%
kona,4,0.00%
275_2841P638_HuiDi_L19050892_Russia_HD,4,0.00%
AI2205,4,0.00%
x301,4,0.00%
M5pro,4,0.00%
231_2841P638_HuiDi_L18121646_Russia_HD,4,0.00%
redi,4,0.00%
302_Hkc_Tv,4,0.00%
Royal Platinum Ultra,4,0.00%
rk3288_10P,4,0.00%
215_2861V09_JPE_Moldova_T2,4,0.00%
418_2841E01_1G_8G_Cello,4,0.00%
CPH1823,4,0.00%
284_2831P588_HuiDi_L19071322_SD,4,0.00%
328_2871V09_1.5G_8G_Hoxitv_T650QVN01_Panel3_T2,4,0.00%
D10260421,4,0.00%
hx_s905x,4,0.00%
msm8909go,4,0.00%
Selenga,4,0.00%
D08110621,4,0.00%
t950s_be30aj,4,0.00%
Gazer_TV,4,0.00%
P4K,4,0.00%
hera,4,0.00%
RTK2851_T650QVN08D,4,0.00%
255_2831P738_HuiDi_L19030358_HD,4,0.00%
POTECH X3,4,0.00%
D10290520,4,0.00%
LH5054UHS-B1AG,4,0.00%
TP_SK516S_PB802_PT320AT02_5,4,0.00%
p201_iptv,4,0.00%
m7332_eu_1g,4,0.00%
D03050121,4,0.00%
D02140620,4,0.00%
TP_SK516S_PB802_HV430FHB_F90,4,0.00%
D09230320,4,0.00%
D10160120,4,0.00%
264_2831P738_HuiDi_L19040550_HD,4,0.00%
PT430CT03-14,4,0.00%
velvet,4,0.00%
274_2831P838_1G_4G_JPE_V500DJ6-QE1_G6_Lebanon_ATV_HD,4,0.00%
D02090721,4,0.00%
D09060121,4,0.00%
328_2831P838_JPE_Arabia_HD,4,0.00%
SmartTV560,4,0.00%
JE601RH0850X,4,0.00%
283_2831P588_HuiDi_L19071269_SD,4,0.00%
352_2841P638_ZHCF_CF181208_Moldova_SD,4,0.00%
ALLPRESS,4,0.00%
D02110920,4,0.00%
425_2841P638_1G_8G_Cello,4,0.00%
226_2841P838_HuiDi_L18111506_DVBT2_HD,4,0.00%
D10260521,4,0.00%
267_2831P588_1G_8G_bolivia_ISDB_SD,4,0.00%
once,4,0.00%
2021120291,4,0.00%
D02091221,4,0.00%
D09210420,4,0.00%
D06100221,4,0.00%
SM-G7810,4,0.00%
279_2841P638_HuiDi_L19061115_Russia_HD,4,0.00%
260_2841P638_HuiDi_L19030461_Russia_SD,4,0.00%
S-1000,4,0.00%
KM9_PRIME_4K,4,0.00%
NexView,4,0.00%
x3-p7,4,0.00%
RT2831P738_ASANO_W19092_39DN5,4,0.00%
234_2841P838_HuiDi_L18121665_Russia_HD,4,0.00%
265_2841P638_HuiDi_L19030464_Russia_HD,4,0.00%
S905L3A-3AB by qq86561014,4,0.00%
E900V22C-3B,4,0.00%
Sunwell_T95U,4,0.00%
SKD08050920,4,0.00%
D09220220,4,0.00%
SKD092505/20,4,0.00%
ETSALAT,4,0.00%
lahaina,4,0.00%
a53x,3,0.00%
DV8947-KIX,3,0.00%
287_2841P638_JPE_Italy_SD,3,0.00%
232_2861P838_JPE_201905544TWBZ_2,3,0.00%
10655,3,0.00%
334_2831P638_1G_4G_JPE_PT430CT01-1_Jordan_ATV_HD,3,0.00%
D06090920,3,0.00%
D03150221,3,0.00%
cmcc_yx,3,0.00%
beyond1q,3,0.00%
414_2841E01_1G_8G_Cello,3,0.00%
AX95DB,3,0.00%
D06292720,3,0.00%
405_2831P838_JPE_201909415TWBZ,3,0.00%
8227L_demo,3,0.00%
rpi4,3,0.00%
D09301020,3,0.00%
evk_8mm,3,0.00%
427_2841P588_1G_8G_Cello,3,0.00%
D10260720,3,0.00%
YZCXV56ZS,3,0.00%
m8s_4k,3,0.00%
Y03,3,0.00%
230_2831P588_1G_4G_SQY_Peru_D06190919_LQ315T3HC54,3,0.00%
BeyondTV4,3,0.00%
ultra_4g,3,0.00%
D09210220,3,0.00%
261_2831P738_HuiDi_L19030424_HD,3,0.00%
234_2861P838_JPE_Arabia,3,0.00%
390_2831P588_JPE_Vietnam_2019010101TWBZ,3,0.00%
trinket,3,0.00%
393_2841P638_JPE_Moldova,3,0.00%
364_2831P638_1G_4G_JPE_T430HVN01.0_Dubai_ATV_HD_201904086TWBZ-2,3,0.00%
D06020121,3,0.00%
D09280522,3,0.00%
206_2831P638_JPE_ISDB_HD,3,0.00%
D072002/21,3,0.00%
D02210122,3,0.00%
295_Panda_Tv,3,0.00%
SKD08140320,3,0.00%
12251,3,0.00%
MT9216_PB766_MT9256_ST3151A07_2,3,0.00%
272_2831P638_1G_4G_JPE_Lebanon_HD,3,0.00%
417_2841E01_1G_8G_Cello,3,0.00%
219_2861P838_JPE_Panama_T2_NTSC,3,0.00%
TP_SK516S_PB802_ST3151A07_2,3,0.00%
421_2841E01_1G_8G_Cello,3,0.00%
MT9216_PB766_MT9256_V236BJ1_P01_CB,3,0.00%
323_2831P588_1G_4G_JPE_Dubai_ATV_SD,3,0.00%
343_2831P588_1G_8G_SQY_D05171219_LQ315T3HC54_RCA,3,0.00%
394_2841P588_1G_8G_SQY_SKD02040620_PT320AT02-1_Croatia,3,0.00%
D01050121,3,0.00%
am30az,3,0.00%
SKD05280121,3,0.00%
D11261020,3,0.00%
Bt_50FSU42B,3,0.00%
SMART_TV_32,3,0.00%
272_2831P588_HuiDi_L19040665_SD,3,0.00%
ktc_8g,3,0.00%
384_2831P588_1G_8G_VVH32L147G22_DVBT2_NTSC_Colombia_EPI,3,0.00%
402_2831P838_JPE_Vietnam,3,0.00%
DL2030,3,0.00%
D05240321,3,0.00%
D03290321,3,0.00%
D02021121,3,0.00%
D08100320,3,0.00%
D01180421,3,0.00%
SQY_ISDB_SD,3,0.00%
SKD09080421,3,0.00%
D08190920,3,0.00%
e3q,3,0.00%
V31,3,0.00%
a54x,3,0.00%
ST7461D01-3,3,0.00%
ASUS_I003DD,3,0.00%
flame,3,0.00%
392_2831P588_1G_4G_JPE_Ukraine_,3,0.00%
H9,3,0.00%
x6pro,3,0.00%
D01140321,3,0.00%
t9plus_Genie_en,3,0.00%
238_2831P588_1G_4G_JPE_Costa_Rica_,3,0.00%
TD65UFBSV2.PT650GT01-1,3,0.00%
dream2lteks,3,0.00%
299_2841P638_Russia_SD,3,0.00%
277_2831P738_1G_4G_ASANO_W19157_32DE1_T2,3,0.00%
rk3326_rgo,3,0.00%
H6pro,3,0.00%
UNI-PRO,3,0.00%
SKD06110421,3,0.00%
rk3399_all,3,0.00%
s905W,3,0.00%
6_2831P738_SQY_D02130219_JE0DZ1C0406_Mexico_Iision,3,0.00%
cmcc,3,0.00%
rk3399_Android11,3,0.00%
Sniper,3,0.00%
Google-Box-s,3,0.00%
V820DK1_Q01W1,3,0.00%
Hi3751v811,3,0.00%
apollo-p7,3,0.00%
X11,3,0.00%
HIMOST,3,0.00%
rockchip040,3,0.00%
A13,3,0.00%
M98-M5,3,0.00%
USONET_TV,3,0.00%
D02020721,3,0.00%
SVP-4KHDTV15,3,0.00%
X20pro,3,0.00%
hyundai,3,0.00%
apollo-p1,3,0.00%
D02170522,2,0.00%
413_2841E01_1G_8G_Cello,2,0.00%
SCG02,2,0.00%
336_2871V09_1.5G_8G_Hoxitv_T650QVN01_Panel3_T2,2,0.00%
j7y17lte,2,0.00%
a52sxq,2,0.00%
D02091421,2,0.00%
D08240820,2,0.00%
xfocus_m20_en,2,0.00%
MT9216_PB766_MT9256_V236BJ2_P01_C1,2,0.00%
SEI500FPT,2,0.00%
388_2831P638_JPE_1906358TWBZ_2,2,0.00%
G7stick,2,0.00%
SKD10240220,2,0.00%
eweatPhoenix,2,0.00%
D1,2,0.00%
203_2831P638_JPE_ISDB_HD,2,0.00%
r3q,2,0.00%
KSTB6188,2,0.00%
AG60S,2,0.00%
TT01,2,0.00%
295_2831P588_1G_4G_JPE_Ukraine_DVBT2_SDZ,2,0.00%
197_2861P839_1.5G_8G_SQY_D110110-18_HV550QUB-H11_Ukraine_GRUNHELM,2,0.00%
10656,2,0.00%
citrus,2,0.00%
TP_SK516S_PB802_ST3151B07_1,2,0.00%
AI2501,2,0.00%
204_JPE_201811206_SD,2,0.00%
400_2831P588_JPE_201908344TWBZ,2,0.00%
msm8937_64,2,0.00%
D16,2,0.00%
D121305-21,2,0.00%
A350,2,0.00%
273_2831P838_1G_8G_JPE_Vietnam_HD,2,0.00%
t9plus_VelecityX_en,2,0.00%
318_2831P638_1G_4G_JPE_LC390TU1A_Oman_ATV_SD_201901072TWBZ-2,2,0.00%
DV8219,2,0.00%
manta,2,0.00%
408_2831P838_201910023TWBZ,2,0.00%
MXQ-POR,2,0.00%
380_2831P638_1G_4G_JPE_LC390TU1A_Myanmar_,2,0.00%
X5,2,0.00%
242_2831P838_HuiDi_L18121717_HD,2,0.00%
SKD08060920,2,0.00%
rk3368_Android10,2,0.00%
410_2831P638_JPE_201906347TWBZ,2,0.00%
D05120321,2,0.00%
376_2831P638_1G_8G_JPE_Colombia_WESTINGHOUSE_PT430CT01-1_DVBT2_NTSC_HD_201901295TWBZ,2,0.00%
D08210620,2,0.00%
331_2861P839_1.5G_8G_ASANO_W19199_Ukraine_T2,2,0.00%
SKD08060820,2,0.00%
247_2831P738_HuiDi_L19010122_HD,2,0.00%
D09301220,2,0.00%
dreamqltesq,2,0.00%
X20,2,0.00%
D09071521,2,0.00%
249_2861P838_JPE_Arabia,2,0.00%
E120,2,0.00%
SO-01J,2,0.00%
306_2841P638_JPE_T2_HD,2,0.00%
we40,2,0.00%
IFP,2,0.00%
32R690TS,2,0.00%
409_2831P838_201910025TWBZ,2,0.00%
3798MV310,2,0.00%
303_2841P638_JPE_T2_HD,2,0.00%
286_2831P588_JPE_Dubai_ATV_SD,2,0.00%
389_2831P638_JPE_201906357TWBZ,2,0.00%
60_2841P535_1G_8G_HD_Mexico_ST315AT07_5_ATSC_VIOS_DD,2,0.00%
I96D11,2,0.00%
HIPERMEDIA,2,0.00%
53_2831P588_JPE_HD,2,0.00%
D11030520,2,0.00%
pklns,2,0.00%
D09301320,2,0.00%
338_VIVAX_,2,0.00%
227_2841P838_HuiDi_L18111493_Russia_HD,2,0.00%
RT2842P638_V400HJ9_PE1,2,0.00%
9_2831P588_1G_4G_SQY_D03020419_HV320FHB-N85_Mexico_VIOS,2,0.00%
a40-p7,2,0.00%
TP.SK516S.PB802_JE415D3HA0L,2,0.00%
C6110,2,0.00%
259_2831P538_1G_8G_PANDA_F301_ISDB_SD_Panama_RCA,2,0.00%
X92,2,0.00%
emu64a,2,0.00%
Chanyul,2,0.00%
Lrk3288,2,0.00%
diana-p2,2,0.00%
rk3399,2,0.00%
D09170320,2,0.00%
SM-P615N,2,0.00%
290_2841P638_L19091830_Russia_HD,2,0.00%
star2qltechn,2,0.00%
TP_SK516S_PB818_PT236AT02_4,2,0.00%
stvs2,2,0.00%
spirit_pro,2,0.00%
Hi3751V811,2,0.00%
Konka Android TV V352,2,0.00%
TP.SK516S.PB802_PT320AT02_2,2,0.00%
S905LTS,2,0.00%
RokyoStickE,2,0.00%
MAGIC_Q99,2,0.00%
426_2841P638_1G_8G_Cello,2,0.00%
YGDS,2,0.00%
MT9216_PB766_MT9256_V320BJ8_Q01_C1,2,0.00%
at30a6,2,0.00%
K10Pro,2,0.00%
akari,2,0.00%
sugarcane,2,0.00%
star2gltechn,2,0.00%
K1100UA,2,0.00%
SD50,2,0.00%
309_2841P638_Russia_BAFF,2,0.00%
D10260320,2,0.00%
GAMES,2,0.00%
20210114,2,0.00%
310_2831P638_JPE_Ukraine_HD,2,0.00%
rockchip036,2,0.00%
GT1u,2,0.00%
RT2831P738_ASANO_W19092_43DN5_S,2,0.00%
D07312520,2,0.00%
ZoomtakH8,2,0.00%
TP.SK516S.PB818_PT236AT02_4,2,0.00%
Y4006,2,0.00%
D04150121,2,0.00%
star2lte,2,0.00%
px30_evb,2,0.00%
MA4000,2,0.00%
418_2831P638_201912001TWBZ,2,0.00%
SKD02101222,2,0.00%
S905L3-B,2,0.00%
t982_ar301,2,0.00%
RT2841_CC500PV5D_07,2,0.00%
H6,2,0.00%
qurra,2,0.00%
Streamaster,2,0.00%
257_2861V09_1.5G_8G_SQY_SKD03070219_CV500U1-T01_Russia,2,0.00%
334_2831P638_RCA_SD,2,0.00%
RT2842P539-PT320AT03-4,2,0.00%
D05180821,2,0.00%
SM-A715F,2,0.00%
SKD09250820,2,0.00%
LQ315T3HC64,2,0.00%
LE_6510G,2,0.00%
R4,2,0.00%
PRO_M2,2,0.00%
rk3229,2,0.00%
rk3399_box,1,0.00%
AI2203,1,0.00%
Hi3751V810,1,0.00%
PQ84A01,1,0.00%
yunluo,1,0.00%
RE5C42,1,0.00%
kirkwood,1,0.00%
349_2831P638_1G_4G_JPE_Vietnam_JE400D3HE1N_DVBT2_HD_201903228TWBZ,1,0.00%
am335xevm,1,0.00%
20210113,1,0.00%
CAMEL_AP2010,1,0.00%
251_2831P638_JPE_201912009TWBZ,1,0.00%
OP56E8L1,1,0.00%
a23xq,1,0.00%
dl,1,0.00%
M2007J17C,1,0.00%
RT2831P738_ASANO_W19092_49DN5_S,1,0.00%
S700,1,0.00%
q4q,1,0.00%
whyred,1,0.00%
selene,1,0.00%
ceres-c3,1,0.00%
rk3326c,1,0.00%
411_2841E01_1G_8G_Cello,1,0.00%
xagapro,1,0.00%
OP4EA3,1,0.00%
420_2841E01_1G_8G_Cello,1,0.00%
V2218A2,1,0.00%
RT2841_HV430FHB_N10_FHD,1,0.00%
379_2841P638_1G_8G_JE400D3HE2N_Poland_KIANO,1,0.00%
D06300320,1,0.00%
a40-p1,1,0.00%
196_2861P839_1.5G_8G_SQY_D110109-18_V500DJ6-QE1-T3_Ukraine_GRUNHELM,1,0.00%
273_2831P838_1G_4G_ASANO_T2,1,0.00%
395_2831P838_JPE_Kenya,1,0.00%
387_2831P638_1G_4G_JPE_Panama_201905546TWBZ_2,1,0.00%
254_2841P838_HuiDi_L19020304_Russia_HD,1,0.00%
SH_3RD_GEN,1,0.00%
rk3566_t,1,0.00%
WC55UAPSA,1,0.00%
310_2861P839_1.5G_8G_ASANO_T2,1,0.00%
rk3588s_s,1,0.00%
ZoomtakS22,1,0.00%
320_2831P638_JPE_Colombia_DVBT2_NTSC_HD,1,0.00%
XMR3568A,1,0.00%
432_2841E01_1G_8G_Cello,1,0.00%
248_2831P588_1G_8G_HFCH,1,0.00%
386_2831P838_JPE_201905477TWBZ,1,0.00%
385_2831P638_1G_4G_JPE_01906420TWBZ,1,0.00%
sheldon,1,0.00%
271_2831P638_Vietnam_HD,1,0.00%
lgd,1,0.00%
307_2831P838_JPE_Ukraine_HD,1,0.00%
rockchip072,1,0.00%
336_2831P638_1G_4G_JPE_LC390TA2A_Qatar_Arabia_ATV_SD_201901080TWBZ,1,0.00%
5MAX,1,0.00%
267_2831P738_1G_8_ASANO_INDIA,1,0.00%
t9plus_BOSSProjector_en,1,0.00%
kiii_2g,1,0.00%
406_2831P588_201906346TWBZ,1,0.00%
a03,1,0.00%
JmGO_J6,1,0.00%
RT2871_HV550QUB_N4E_UHD,1,0.00%
YL-PJ,1,0.00%
T963,1,0.00%
TP.SK516S.PB802_PT320AT02_5,1,0.00%
D11090820,1,0.00%
bandra,1,0.00%
D11030121,1,0.00%
m8_md_en,1,0.00%
SKD01190222,1,0.00%
H3-Postman1year,1,0.00%
SQY_ISDB_SD_RCA,1,0.00%
D02030821,1,0.00%
D03240121,1,0.00%
X96MINI,1,0.00%
GTV-40RH614N,1,0.00%
215_2831P638_1G_8G_SQY_D04020319_V450HJ1-Q01_CostaRica_RCA,1,0.00%
268_2831P838_HuiDi_L19040551_HD,1,0.00%
373_2831P638_1G_4G_JPE_Ukraine_Comer_LC390TU1A_DVBT2_HD_201905037TWFZ,1,0.00%
407_2831P638_201910017TWBZ_2,1,0.00%
SD150,1,0.00%
266_2831P531_1G_4G_ASANO_T2,1,0.00%
327_2861P839_ASANO_W19157_Ukraine_T2,1,0.00%
AK-41,1,0.00%
223_2861V09_1.5G_8G_SQY_D122117-18_JE695R3HB9L_Kuwait_Orc,1,0.00%
SKD09080221,1,0.00%
309_2861V08_1.5G_8G_ASANO_T2,1,0.00%
TP_SK516S_PB802_PT320CT01_3,1,0.00%
SKD11050120,1,0.00%
DCO-AL00,1,0.00%
OnePlus8Pro,1,0.00%
TF4339AS-B1AG,1,0.00%
OnePlus8T,1,0.00%
SKD08111420,1,0.00%
336_2871V09_1_5G_8G_Hoxitv_T650QVN01_Panel3_T2,1,0.00%
351_2831P838_1G_4G_JPE_Congo_V500DJ6-QE1_C1_DVBT2_HD_201903340TWBZ,1,0.00%
MS848,1,0.00%
D09300920,1,0.00%
451_2841P638_JPE_Arabia,1,0.00%
SKD08061020,1,0.00%
D062905,1,0.00%
241_2831P560_HKC_SD,1,0.00%
rockchip019,1,0.00%
MTIPTVBox,1,0.00%
gracelte,1,0.00%
410_2841E01_1G_8G_Cello,1,0.00%
SM-N9600,1,0.00%
MB600,1,0.00%
27_2831P738_1G_4G_D11250319_JE400D3HE2N_Mexico_KVISION,1,0.00%
x1q,1,0.00%
msm8909,1,0.00%
rk3568_s,1,0.00%
JPE_ISDB_FHD_RCA,1,0.00%
sabrina,1,0.00%
Skystream_Two,1,0.00%
s905w,1,0.00%
dream2qltesq,1,0.00%
268_2831P588_1G_8_ASANO_INDIA,1,0.00%
294_2831P588_1G_4G_JPE_Arabia_ATV_SD,1,0.00%
MT9216_PB766_MT9256_ST3151A08_4,1,0.00%
227_2831P588_L19040674_SD,1,0.00%
269_2831P738_1G_4G_ASANO_T2,1,0.00%
CBOXAI,1,0.00%
313_2831P838_JPE_Vietnam_HD,1,0.00%
ceres-b3,1,0.00%
237_2831P588_1G_4G_SQY_Peru_D07220519_LQ315T3HC54,1,0.00%
Bt_50FSU36B,1,0.00%
b4q,1,0.00%
Myair-tv,1,0.00%
s912,1,0.00%
SKD02101122,1,0.00%
A5010,1,0.00%
348_2831P588_Vietnam_SD,1,0.00%
mg4max,1,0.00%
329_2831P588_1G_4G_JPE_PT320AT01_1_Vietnam_Darling_DVBT2_SD,1,0.00%
rockchip008,1,0.00%
TIGRE,1,0.00%
RoyalPlatinum,1,0.00%
coral,1,0.00%
324_2841P638_ZHCF_CF181208_Moldova_HD,1,0.00%
CC500PV7D,1,0.00%
V400HJ6_PE1,1,0.00%
RT2851P838,1,0.00%
D09171420,1,0.00%
D12030421,1,0.00%
RT2842P539-LQ0DZA0237,1,0.00%
TP_SK516S_PB802_PT320AT02_3,1,0.00%
283_2831P560_HKC_SD,1,0.00%
X88 PRO,1,0.00%
D09180421,1,0.00%
TEK22W11E,1,0.00%
V2218A,1,0.00%
D05200121,1,0.00%
332_2831P588_1G_8G_SQY_D05171019_LQ315T3HC54_RCA_,1,0.00%
DCU150,1,0.00%
a55x,1,0.00%
291_2841P638_HuiDi,1,0.00%
269_2831P588_HuiDi_L19040549_SD,1,0.00%
PA1M_CN_MT9632,1,0.00%
x86_64_tv,1,0.00%
ROG,1,0.00%
diana-p1,1,0.00%
redroid_x86_64_only,1,0.00%
279_2831P738_1G_4G_ASANO_W19199_ASANO_T2,1,0.00%
a10_3588,1,0.00%
CPH2083,1,0.00%
D04020221,1,0.00%
Y445,1,0.00%
cmcc_zhejiang,1,0.00%
X3_Mbox1,1,0.00%
t982,1,0.00%
KI1101,1,0.00%
Hi3798MV320,1,0.00%
D05180521,1,0.00%
iSinbox,1,0.00%
PD2031,1,0.00%
OP615EL1,1,0.00%
396_2831P638_201906345TWBZ,1,0.00%
D02020321,1,0.00%
SM-G9750,1,0.00%
S905W-ZXS,1,0.00%
344_2831P588_1G_4G_JPE_PT320AT01-1_Arabia_ATV_SD,1,0.00%
Sandy,1,0.00%
D01180721,1,0.00%
EC6110-M,1,0.00%
Z7,1,0.00%
rk3368,1,0.00%
s905y4_firefly_f1,1,0.00%
ASUS_Z01QD,1,0.00%
Konka-Projector-R36,1,0.00%
X88 plus,1,0.00%
D09210320,1,0.00%
TP_SK516S_PB802_PC238CT01_2,1,0.00%
267_2831P531_1G_4G_ASANO_T2,1,0.00%
darcy,1,0.00%
NationalPanasonic,1,0.00%
TP.SK516S.PB802_HV320WHB-F86,1,0.00%
SKD02101022,1,0.00%
RT2842P639_JE415D3HAOL,1,0.00%
PR211206A02S,1,0.00%
D06292820,1,0.00%
D12020121,1,0.00%
D08181821,1,0.00%
K9,1,0.00%
rockchip009,1,0.00%
TX9PRO ATV,1,0.00%
K950,1,0.00%
apollo-p17,1,0.00%
434_2841E01_1G_8G_Cello,1,0.00%
K8,1,0.00%
357_2831P838_1G_4G_JPE_Lebanon_LSC490HN05-W_DVBT2_HD_201903346TWBZ,1,0.00%
286_2871P838_1.5G_8G_YingShi,1,0.00%
18_2831P588_1G_4G_LQ315T3HC54_SD_ATSC_Mexico_VIOS,1,0.00%
Z6,1,0.00%
bl14plus_md_en,1,0.00%
d2q,1,0.00%
10_2831P838_1G_8G_YiMao_YM2019037C_Suriname_YM-02_ST5461D07-1_ATSC_HD,1,0.00%
381_2831P638_1G_4G_JPE_PT430CT02-1_Myanmar_,1,0.00%
Smart_TV,1,0.00%
TP_SK516S_PB818_PN238CT01_1,1,0.00%
m7642_JmGO_K812,1,0.00%
D07070520,1,0.00%
313_2831P638_1G_8G_SQY_D03140319_V450HJ1-Q01_Israel_NORMANDE,1,0.00%
LFAD1616,1,0.00%
SKD07300321,1,0.00%
H95,1,0.00%
rockchip015,1,0.00%
